{"cameraMode":{"drawMode":0,"name":"Shaded","section":"Shading Mode"},"sceneLighting":false,"audioPlay":false,"sceneViewState":{"showFog":true,"showMaterialUpdate":false,"showSkybox":false,"showFlares":true,"showImageEffects":true,"showParticleSystems":true},"in2DMode":false,"pivot":{"x":36.47151565551758,"y":8.869842529296875,"z":-23.75124168395996},"rotation":{"x":0.029914548620581628,"y":0.07340100407600403,"z":-0.0022027043160051109,"w":0.9968520402908325},"size":2.9640679359436037,"orthographic":false}