{"cameraMode":{"drawMode":0,"name":"Shaded","section":"Shading Mode"},"sceneLighting":false,"audioPlay":false,"sceneViewState":{"showFog":true,"showMaterialUpdate":false,"showSkybox":false,"showFlares":true,"showImageEffects":true,"showParticleSystems":true},"in2DMode":false,"pivot":{"x":1.2310791015625,"y":2.0972869396209719,"z":-0.16307835280895234},"rotation":{"x":0.031098024919629098,"y":-0.6983419060707092,"z":0.030396979302167894,"w":0.7144455909729004},"size":4.441977024078369,"orthographic":false}