{"cameraMode":{"drawMode":0,"name":"Shaded","section":"Shading Mode"},"sceneLighting":false,"audioPlay":false,"sceneViewState":{"showFog":true,"showMaterialUpdate":false,"showSkybox":false,"showFlares":true,"showImageEffects":true,"showParticleSystems":true},"in2DMode":false,"pivot":{"x":-1.0344332456588746,"y":0.676977813243866,"z":-1.4491920471191407},"rotation":{"x":-0.001456466387026012,"y":0.23915927112102509,"z":0.0003587354440242052,"w":0.9709793329238892},"size":3.19639253616333,"orthographic":false}