{"cameraMode":{"drawMode":0,"name":"Shaded","section":"Shading Mode"},"sceneLighting":false,"audioPlay":false,"sceneViewState":{"showFog":true,"showMaterialUpdate":false,"showSkybox":false,"showFlares":true,"showImageEffects":true,"showParticleSystems":true},"in2DMode":false,"pivot":{"x":-115.67247009277344,"y":22.505033493041993,"z":-2.450122833251953},"rotation":{"x":0.009976934641599656,"y":0.9517640471458435,"z":0.0311246607452631,"w":-0.305085688829422},"size":62.577972412109378,"orthographic":false}