{"cameraMode":{"drawMode":0,"name":"Shaded","section":"Shading Mode"},"sceneLighting":false,"audioPlay":false,"sceneViewState":{"showFog":true,"showMaterialUpdate":false,"showSkybox":false,"showFlares":true,"showImageEffects":true,"showParticleSystems":true},"in2DMode":false,"pivot":{"x":0.21028490364551545,"y":-0.4873395562171936,"z":-0.17566871643066407},"rotation":{"x":-0.04797818139195442,"y":0.011985862627625466,"z":0.0005757464678026736,"w":0.9987779855728149},"size":8.735690116882325,"orthographic":false}