{"cameraMode":{"drawMode":0,"name":"Shaded","section":"Shading Mode"},"sceneLighting":false,"audioPlay":false,"sceneViewState":{"showFog":true,"showMaterialUpdate":false,"showSkybox":false,"showFlares":true,"showImageEffects":true,"showParticleSystems":true},"in2DMode":false,"pivot":{"x":66.57881927490235,"y":3.930551290512085,"z":-26.571741104125978},"rotation":{"x":-0.0012587477685883642,"y":-0.9651111364364624,"z":0.004641942214220762,"w":-0.26180505752563479},"size":19.858097076416017,"orthographic":false}